ROG3,Ctry,PoplPeoples,CntPeoples,CntPeoplesLR,PoplPeoplesLR,JPScaleCtry,ROL3OfficialLanguage,OfficialLang,RLG3Primary,ReligionPrimary,PercentChristianity,PercentEvangelical,10_40Window,ROG2,Continent,RegionCode,RegionName,PercentUrbanized,LiteracyRate,ISO3,Population,WorkersNeeded
AF,Afghanistan,36278833,72,67,36260154,1,pbt,"Pashto, Southern",6,Islam,0.05799778951,0.02615294513,Y,ASI,Asia,5,"Asia, Central",27,32,AFG,36373000,764
AL,Albania,2902100,16,3,40216,2,aln,"Albanian, Gheg",6,Islam,26.29642437,0.6052366007,Y,EUR,Europe,9,"Europe, Eastern and Eurasia",60,97,ALB,2934000,3
AG,Algeria,41948010,40,36,41916649,1,arb,"Arabic, Standard",6,Islam,1.482600842,1.293296552,Y,AFR,Africa,6,"Africa, North and Middle East",73,80,DZA,42008000,854
AQ,American Samoa,55211,9,1,982,5,smo,Samoan,1,Christianity,95.41698571,24.84134032,N,SOP,Oceania,1,Australia and Pacific,87,97,ASM,56000,1
AN,Andorra,76378,10,2,1108,3,cat,Catalan,1,Christianity,90.59662701,1.35771398,N,EUR,Europe,10,"Europe, Western",88,99,AND,77000,2
AO,Angola,30753141,62,1,363129,5,por,Portuguese,1,Christianity,91.37296389,24.31141773,N,AFR,Africa,7,"Africa, East and Southern",66,70,AGO,30774000,7
AV,Anguilla,14519,5,,,5,eng,English,1,Christianity,90.58407404,33.51214385,N,NAR,North America,12,"America, North and Caribbean",100,95,AIA,15000,
AC,Antigua and Barbuda,101843,5,,,5,eng,English,1,Christianity,92.93201114,24.84956325,N,NAR,North America,12,"America, North and Caribbean",25,97,ATG,103000,
AR,Argentina,44616922,84,2,184067,5,spa,Spanish,1,Christianity,93.07725474,11.04138533,N,LAM,South America,11,"America, Latin",92,98,ARG,44689000,5
AM,Armenia,2888119,16,4,38289,4,hye,Armenian,1,Christianity,94.50594238,9.671993219,N,EUR,Europe,5,"Asia, Central",63,99,ARM,2934000,4
AA,Aruba,105069,9,,,4,nld,Dutch,1,Christianity,95.47532528,9.892979562,N,NAR,North America,12,"America, North and Caribbean",43,98,ABW,106000,
AS,Australia,24688781,184,20,856340,5,eng,English,1,Christianity,65.5690142,14.46363164,N,AUS,Australia,1,Australia and Pacific,86,99,AUS,24768000,24
AU,Austria,8708873,44,8,348427,3,deu,"German, Standard",1,Christianity,82.88502489,0.595123084,N,EUR,Europe,10,"Europe, Western",58,98,AUT,8752000,10
AJ,Azerbaijan,9904259,38,24,9576829,1,azj,"Azerbaijani, North",6,Islam,2.649781537,0.2482048384,Y,ASI,Asia,5,"Asia, Central",56,99,AZE,9924000,206
BF,Bahamas,396976,9,,,5,eng,English,1,Christianity,94.4590806,39.66037439,N,NAR,North America,12,"America, North and Caribbean",83,97,BHS,399000,
BA,Bahrain,1546278,16,7,1200739,4,arb,"Arabic, Standard",6,Islam,8.289984971,2.503238819,Y,ASI,Asia,6,"Africa, North and Middle East",89,95,BHR,1567000,26
BG,Bangladesh,165662690,325,293,163675910,1,ben,Bengali,6,Islam,0.3426056953,,Y,ASI,Asia,4,"Asia, South",37,58,BGD,166368000,3467
BB,Barbados,282353,5,1,3989,5,eng,English,1,Christianity,92.61343252,33.59751573,N,NAR,North America,12,"America, North and Caribbean",31,99,BRB,286000,1
BO,Belarus,9414102,26,5,31100,3,bel,Belarusian,1,Christianity,69.40003235,1.673885805,N,EUR,Europe,9,"Europe, Eastern and Eurasia",79,100,BLR,9452000,5
BE,Belgium,11428089,91,26,935446,3,vls,Vlaams,1,Christianity,64.25929424,1.42088517,N,EUR,Europe,10,"Europe, Western",98,100,BEL,11499000,37
BH,Belize,360235,13,1,3399,5,eng,English,1,Christianity,85.99857187,23.38979049,N,NAR,North America,11,"America, Latin",46,89,BLZ,382000,1
BN,Benin,11453095,63,13,2144183,4,fra,French,1,Christianity,31.56935698,7.469788369,Y,AFR,Africa,8,"Africa, West and Central",47,38,BEN,11486000,48
BD,Bermuda,59898,7,,,5,eng,English,1,Christianity,91.65506197,26.3143903,N,NAR,North America,12,"America, North and Caribbean",100,98,BMU,61000,
BT,Bhutan,813388,74,71,810228,1,dzo,Dzongkha,2,Buddhism,0.297583943,,Y,ASI,Asia,4,"Asia, South",41,65,BTN,817000,77
BL,Bolivia,11166228,48,2,2826,5,spa,Spanish,1,Christianity,92.44305044,19.33952355,N,LAM,South America,11,"America, Latin",69,93,BOL,11216000,2
BK,Bosnia-Herzegovina,3490440,12,3,1637503,2,bos,Bosnian,6,Islam,44.40280237,0.1706959094,N,EUR,Europe,9,"Europe, Eastern and Eurasia",48,99,BIH,3504000,34
BC,Botswana,2270855,46,,,4,eng,English,1,Christianity,65.51408768,8.258300686,N,AFR,Africa,7,"Africa, East and Southern",69,85,BWA,2333000,
BR,Brazil,210727164,316,38,116384,5,por,Portuguese,1,Christianity,89.54587643,24.55964406,N,LAM,South America,11,"America, Latin",87,98,BRA,210868000,38
IO,British Indian Ocean Territory,2950,2,,,5,eng,English,1,Christianity,78.23333333,33.26666667,N,ASI,Asia,4,"Asia, South",,,IOT,3000,
VI,British Virgin Islands,31282,4,,,5,eng,English,1,Christianity,90.66161688,28.7745625,N,NAR,North America,12,"America, North and Caribbean",48,98,VGB,32000,
BX,Brunei,424196,24,8,236964,4,zlm,Malay,6,Islam,11.70076834,5.287969986,Y,ASI,Asia,2,"Asia, Southeast",78,96,BRN,434000,11
BU,Bulgaria,6992600,31,8,640021,3,bul,Bulgarian,1,Christianity,82.39471252,1.981051259,N,EUR,Europe,9,"Europe, Eastern and Eurasia",75,98,BGR,7037000,18
UV,Burkina Faso,19705785,81,27,4966228,5,fra,French,6,Islam,20.50120731,10.24440877,Y,AFR,Africa,8,"Africa, West and Central",29,36,BFA,19752000,114
BY,Burundi,11162630,12,3,17946,5,run,Rundi,1,Christianity,92.61803677,29.83973949,N,AFR,Africa,7,"Africa, East and Southern",13,85,BDI,11216000,3
CB,Cambodia,16195247,43,31,16087661,1,khm,Khmer,2,Buddhism,3.16897256,1.767545679,Y,ASI,Asia,2,"Asia, Southeast",23,77,KHM,16246000,342
CM,Cameroon,24590362,292,17,3512336,4,fra,French,1,Christianity,52.96871892,9.197444113,N,AFR,Africa,8,"Africa, West and Central",56,75,CMR,24678000,78
CA,Canada,36864238,276,50,1929811,4,eng,English,1,Christianity,72.94928634,7.975190367,N,NAR,North America,12,"America, North and Caribbean",81,99,CAN,36954000,74
CV,Cape Verde,551590,5,,,4,por,Portuguese,1,Christianity,94.86969035,8.777384618,N,AFR,Africa,8,"Africa, West and Central",66,87,CPV,553000,
CJ,Cayman Islands,61745,10,,,5,eng,English,1,Christianity,81.92991774,21.23330645,N,NAR,North America,12,"America, North and Caribbean",100,99,CYM,62000,
CT,Central African Republic,4720166,81,7,459927,5,fra,French,1,Christianity,70.43602813,31.60882251,N,AFR,Africa,8,"Africa, West and Central",41,57,CAF,4737000,11
CD,Chad,15292561,141,77,8453369,4,arb,"Arabic, Standard",6,Islam,26.02517154,7.572279261,Y,AFR,Africa,8,"Africa, West and Central",23,26,TCD,15353000,202
CI,Chile,18131255,28,3,23782,5,spa,Spanish,1,Christianity,87.11827115,23.03511709,N,LAM,South America,11,"America, Latin",88,99,CHL,18197000,3
CH,China,1401456016,545,445,146229664,4,cmn,"Chinese, Mandarin",7,Non-Religious,9.203652926,7.534612494,Y,ASI,Asia,3,"Asia, Northeast",59,95,CHN,1415046000,3154
HK,"China, Hong Kong",7385665,24,10,425118,4,cmn,"Chinese, Mandarin",4,Ethnic Religions,12.4989585,6.0332997,Y,ASI,Asia,3,"Asia, Northeast",100,97,HKG,7429000,15
MC,"China, Macau",610417,12,5,554935,2,yue,"Chinese, Yue",4,Ethnic Religions,5.232820016,1.784930465,Y,ASI,Asia,3,"Asia, Northeast",100,97,MAC,632000,14
KT,Christmas Island,1924,4,2,967,4,eng,English,2,Buddhism,15.38815455,2.578863636,N,SOP,Oceania,1,Australia and Pacific,,,CXR,2200,2
CK,Cocos (Keeling) Islands,574,2,1,420,4,eng,English,6,Islam,18.80733333,3.433333333,N,SOP,Oceania,1,Australia and Pacific,,,CCK,600,1
CO,Colombia,49285409,112,4,19646,5,spa,Spanish,1,Christianity,94.11922591,10.6534657,N,LAM,South America,11,"America, Latin",81,94,COL,49465000,4
CN,Comoros,825094,12,8,820705,1,swb,"Comorian, Maore",6,Islam,0.9418157211,0.2843063749,N,AFR,Africa,7,"Africa, East and Southern",29,76,COM,832000,21
CG,"Congo, Democratic Republic of",83879928,229,3,253584,5,fra,French,1,Christianity,91.6400869,19.21476348,N,AFR,Africa,8,"Africa, West and Central",45,77,COD,84005000,6
CF,"Congo, Republic of the",5334317,71,1,11596,5,fra,French,1,Christianity,88.23571535,14.81737891,N,AFR,Africa,8,"Africa, West and Central",67,79,COG,5400000,1
CW,Cook Islands,16622,7,,,5,eng,English,1,Christianity,97.65572824,13.59269509,N,SOP,Oceania,1,Australia and Pacific,75,95,COK,17000,
CS,Costa Rica,4917880,21,1,2536,5,spa,Spanish,1,Christianity,95.63792607,18.3506758,N,NAR,North America,11,"America, Latin",79,94,CRI,4953000,1
IV,Côte d'Ivoire,24850065,109,36,8432012,4,fra,French,6,Islam,30.52000399,9.439824429,N,AFR,Africa,8,"Africa, West and Central",51,57,CIV,24906000,182
HR,Croatia,4097644,24,2,29559,3,hrv,Croatian,1,Christianity,92.61064964,0.3792077575,N,EUR,Europe,9,"Europe, Eastern and Eurasia",57,99,HRV,4165000,2
CU,Cuba,11487633,17,2,35404,5,spa,Spanish,1,Christianity,56.21174457,11.3359523,N,NAR,North America,12,"America, North and Caribbean",77,100,CUB,11489000,2
UC,Curacao,160036,16,2,764,4,nld,Dutch,1,Christianity,85.9738279,6.862751852,N,NAR,North America,12,"America, North and Caribbean",89,99,CUW,162000,2
CY,Cyprus,1156592,30,5,232031,3,ell,Greek,1,Christianity,71.91463581,1.278933064,N,EUR,Europe,10,"Europe, Western",67,99,CYP,1189000,8
EZ,Czechia,10550124,38,6,12401,2,ces,Czech,7,Non-Religious,26.97237332,0.7367565271,N,EUR,Europe,9,"Europe, Eastern and Eurasia",74,100,CZE,10625000,6
DA,Denmark,5740937,85,24,248590,4,dan,Danish,1,Christianity,82.88879939,3.624115216,N,EUR,Europe,10,"Europe, Western",88,99,DNK,5754000,24
DJ,Djibouti,959293,11,7,949421,1,arb,"Arabic, Standard",6,Islam,0.8580094027,0.09031811048,Y,AFR,Africa,7,"Africa, East and Southern",78,68,DJI,971000,23
DO,Dominica,67366,7,1,862,5,eng,English,1,Christianity,91.90655068,17.8569471,N,NAR,North America,12,"America, North and Caribbean",71,94,DMA,74000,1
DR,Dominican Republic,10836577,15,1,1689,5,spa,Spanish,1,Christianity,93.79234919,10.84013084,N,NAR,North America,12,"America, North and Caribbean",81,91,DOM,10883000,1
TT,East Timor,1302630,23,,,4,por,Portuguese,1,Christianity,91.38714554,2.488910844,Y,ASI,Asia,2,"Asia, Southeast",31,68,TLS,1324000,
EC,Ecuador,16810330,35,1,615,5,spa,Spanish,1,Christianity,93.69554986,10.57231385,N,LAM,South America,11,"America, Latin",64,94,ECU,16863000,1
EG,Egypt,99259171,42,25,15490849,4,arb,"Arabic, Standard",6,Islam,12.6649144,4.282799588,Y,AFR,Africa,6,"Africa, North and Middle East",43,75,EGY,99376000,317
ES,El Salvador,6365814,11,1,620,5,spa,Spanish,1,Christianity,94.45738913,44.90110045,N,NAR,North America,11,"America, Latin",72,87,SLV,6412000,1
EK,Equatorial Guinea,1295298,18,2,27685,4,spa,Spanish,1,Christianity,89.31836119,4.710063969,N,AFR,Africa,8,"Africa, West and Central",72,88,GNQ,1314000,2
ER,Eritrea,5127899,18,10,2011057,4,tir,Tigrigna,6,Islam,51.03936411,2.647942265,Y,AFR,Africa,7,"Africa, East and Southern",40,69,ERI,5188000,41
EN,Estonia,1285540,18,3,4533,4,est,,7,Non-Religious,48.86638271,4.448938868,N,EUR,Europe,9,"Europe, Eastern and Eurasia",69,99,EST,1307000,3
WZ,Eswatini,1329189,10,1,803,5,ssw,Swati,1,Christianity,84.0564736,20.80434588,N,AFR,Africa,7,"Africa, East and Southern",24,88,SWZ,1391000,1
ET,Ethiopia,106623102,123,34,30946294,5,amh,Amharic,1,Christianity,59.04887453,18.15460999,Y,AFR,Africa,7,"Africa, East and Southern",21,49,ETH,107535000,630
FK,Falkland Islands,2752,2,,,4,eng,English,1,Christianity,64.12262069,9.057342671,N,LAM,South America,11,"America, Latin",78,,FLK,2900,
FO,Faroe Islands,48068,3,,,5,dan,Danish,1,Christianity,90.91362102,32.95586742,N,EUR,Europe,10,"Europe, Western",42,,FRO,49000,
FJ,Fiji,900538,33,1,4550,5,eng,English,1,Christianity,64.38950877,26.29521527,N,SOP,Oceania,1,Australia and Pacific,56,94,FJI,912000,1
FI,Finland,5514408,58,15,58642,5,fin,Finnish,1,Christianity,81.47433069,10.37035307,N,EUR,Europe,10,"Europe, Western",85,100,FIN,5543000,15
FR,France,65159520,115,37,4246779,3,fra,French,1,Christianity,62.34425369,1.225404268,N,EUR,Europe,10,"Europe, Western",80,99,FRA,65233000,97
FG,French Guiana,287742,23,1,4315,4,fra,French,1,Christianity,81.09116034,5.550825423,N,LAM,South America,11,"America, Latin",84,83,GUF,290000,1
FP,French Polynesia,280171,13,,,4,fra,French,1,Christianity,83.73344056,6.113717988,N,SOP,Oceania,1,Australia and Pacific,62,98,PYF,286000,
GB,Gabon,2038045,52,5,46350,5,fra,French,1,Christianity,75.18297159,11.92397916,N,AFR,Africa,8,"Africa, West and Central",89,89,GAB,2068000,5
GA,Gambia,2128185,30,16,1790326,1,eng,English,6,Islam,3.641439367,0.8784175408,Y,AFR,Africa,8,"Africa, West and Central",61,56,GMB,2164000,45
GG,Georgia,3846294,40,16,252601,3,kat,Georgian,1,Christianity,80.65798766,1.385938193,N,EUR,Europe,9,"Europe, Eastern and Eurasia",59,99,GEO,3907000,19
GM,Germany,82226255,92,27,3348626,4,deu,"German, Standard",1,Christianity,64.37176241,2.128142781,N,EUR,Europe,10,"Europe, Western",77,99,DEU,82293000,80
GH,Ghana,29389523,111,19,1543795,5,eng,English,1,Christianity,62.41858694,25.8898505,N,AFR,Africa,8,"Africa, West and Central",56,71,GHA,29464000,40
GI,Gibraltar,34393,6,3,3060,4,eng,English,1,Christianity,80.4725,2.209782617,N,EUR,Europe,10,"Europe, Western",100,80,GIB,35000,3
GR,Greece,11109544,50,10,256561,3,ell,Greek,1,Christianity,88.327874,0.4872297476,N,EUR,Europe,9,"Europe, Eastern and Eurasia",79,98,GRC,11142000,12
GL,Greenland,55866,4,,,4,kal,Greenlandic,1,Christianity,95.31960316,7.606573041,N,NAR,North America,12,"America, North and Caribbean",87,99,GRL,57000,
GJ,Grenada,104247,6,,,5,eng,English,1,Christianity,92.37491667,18.81747222,N,NAR,North America,12,"America, North and Caribbean",36,96,GRD,108000,
GP,Guadeloupe,406758,7,,,4,fra,French,1,Christianity,95.21257922,4.770561625,N,NAR,North America,12,"America, North and Caribbean",98,100,GLP,409000,
GQ,Guam,157244,15,1,2651,5,eng,English,1,Christianity,92.74699518,15.65726867,N,SOP,Oceania,1,Australia and Pacific,95,96,GUM,166000,1
GT,Guatemala,17187655,61,1,924,5,spa,Spanish,1,Christianity,95.52628982,24.63596776,N,NAR,North America,11,"America, Latin",51,81,GTM,17245000,1
GV,Guinea,13014529,48,30,11351410,1,fra,French,6,Islam,4.171872471,0.6915243695,Y,AFR,Africa,8,"Africa, West and Central",36,30,GIN,13053000,239
PU,Guinea-Bissau,1854498,35,19,876681,4,por,Portuguese,6,Islam,11.76575779,2.097638481,Y,AFR,Africa,8,"Africa, West and Central",43,55,GNB,1907000,30
GY,Guyana,769398,21,1,3921,5,eng,English,1,Christianity,51.43988051,15.71813926,N,LAM,South America,11,"America, Latin",27,89,GUY,782000,1
HA,Haiti,11078521,6,,,5,fra,French,1,Christianity,94.84391403,17.52895881,N,NAR,North America,12,"America, North and Caribbean",55,60,HTI,11113000,
HO,Honduras,9369398,22,1,1824,5,spa,Spanish,1,Christianity,95.85529792,27.55780929,N,NAR,North America,11,"America, Latin",57,87,HND,9417000,1
HU,Hungary,9589959,25,4,77030,4,hun,Hungarian,1,Christianity,86.79482474,3.028532126,N,EUR,Europe,9,"Europe, Eastern and Eurasia",71,99,HUN,9689000,4
IC,Iceland,327009,12,2,1127,4,isl,Icelandic,1,Christianity,90.28350621,4.442497419,N,EUR,Europe,10,"Europe, Western",94,100,ISL,338000,2
IN,India,1347994211,2585,2311,1293515281,1,hin,Hindi,5,Hinduism,2.083303111,,Y,ASI,Asia,4,"Asia, South",34,71,IND,1354052000,26945
ID,Indonesia,265386196,785,234,165520795,4,ind,Indonesian,6,Islam,12.70538809,3.182362396,Y,ASI,Asia,2,"Asia, Southeast",55,93,IDN,266795000,3411
IR,Iran,81940131,95,85,81619097,1,pes,"Persian, Iranian",6,Islam,1.337726746,0.9456566788,Y,ASI,Asia,5,"Asia, Central",75,85,IRN,82012000,1667
IZ,Iraq,38797313,35,25,38011381,1,arb,"Arabic, Standard",6,Islam,1.349954679,0.1980241784,Y,ASI,Asia,6,"Africa, North and Middle East",71,79,IRQ,39340000,765
EI,Ireland,4753525,45,5,45152,3,eng,English,1,Christianity,91.42466416,1.55776211,N,EUR,Europe,10,"Europe, Western",63,99,IRL,4804000,5
IM,Isle of Man,82374,4,,,4,eng,English,1,Christianity,65.05637647,8.472644706,N,EUR,Europe,10,"Europe, Western",53,,IMN,85000,
IS,Israel,8393859,49,40,8309771,1,heb,Hebrew,4,Ethnic Religions,1.468204833,0.4201401716,Y,ASI,Asia,6,"Africa, North and Middle East",92,98,ISR,8453000,181
IT,Italy,59234741,105,23,2050839,3,ita,Italian,1,Christianity,81.3318075,1.456831097,N,EUR,Europe,10,"Europe, Western",70,99,ITA,59291000,55
JM,Jamaica,2883932,9,,,5,eng,English,1,Christianity,81.35630042,29.74961461,N,NAR,North America,12,"America, North and Caribbean",56,88,JAM,2899000,
JA,Japan,127054264,36,23,124296384,1,jpn,Japanese,2,Buddhism,2.234886552,0.5772247679,Y,ASI,Asia,3,"Asia, Northeast",92,99,JPN,127185000,2496
JO,Jordan,9825163,20,13,9155751,1,arb,"Arabic, Standard",6,Islam,2.277025955,0.2660266145,Y,ASI,Asia,6,"Africa, North and Middle East",91,98,JOR,9904000,185
KZ,Kazakhstan,18297835,66,31,13289990,2,kaz,Kazakh,6,Islam,15.27565383,0.5771883348,Y,ASI,Asia,5,"Asia, Central",57,99,KAZ,18404000,285
KE,Kenya,50852115,110,32,5488152,5,eng,English,1,Christianity,78.03473816,47.572989,N,AFR,Africa,7,"Africa, East and Southern",27,82,KEN,50951000,124
KR,Kiribati (Gilbert),114617,5,,,4,eng,English,1,Christianity,98.41241949,8.478031351,N,SOP,Oceania,1,Australia and Pacific,54,93,KIR,118000,
KN,"Korea, North",25487114,5,2,25300394,1,kor,Korean,7,Non-Religious,1.657283331,1.56946248,Y,ASI,Asia,3,"Asia, Northeast",62,99,PRK,25611000,506
KS,"Korea, South",51086247,23,11,441669,5,kor,Korean,7,Non-Religious,30.10156619,16.36025464,N,ASI,Asia,3,"Asia, Northeast",82,99,KOR,51164000,13
KV,Kosovo,1843235,10,5,1703827,2,aln,"Albanian, Gheg",6,Islam,7.006388016,0.2107113773,N,EUR,Europe,9,"Europe, Eastern and Eurasia",,92,XKV,1895000,37
KU,Kuwait,4128309,28,13,3127908,2,arb,"Arabic, Standard",6,Islam,10.06929107,1.504997579,Y,ASI,Asia,6,"Africa, North and Middle East",100,94,KWT,4197000,67
KG,Kyrgyzstan,6066146,41,26,5479038,2,kir,Kyrgyz,6,Islam,6.513551032,0.8073125708,Y,ASI,Asia,5,"Asia, Central",36,99,KGZ,6133000,125
LA,Laos,6895160,128,109,5425842,4,lao,Lao,2,Buddhism,3.635355656,2.467423829,Y,ASI,Asia,2,"Asia, Southeast",35,73,LAO,6961000,185
LG,Latvia,1912990,21,4,10595,4,lvs,"Latvian, Standard",1,Christianity,59.64623575,7.675904243,N,EUR,Europe,9,"Europe, Eastern and Eurasia",68,99,LVA,1930000,4
LE,Lebanon,6058042,26,8,877801,2,arb,"Arabic, Standard",6,Islam,31.79579234,0.6264289341,Y,ASI,Asia,6,"Africa, North and Middle East",87,94,LBN,6094000,20
LT,Lesotho,2236364,10,,,5,eng,English,1,Christianity,92.80237051,13.32614813,N,AFR,Africa,7,"Africa, East and Southern",28,79,LSO,2263000,
LI,Liberia,4803911,39,5,525896,5,eng,English,4,Ethnic Religions,39.93069641,12.5727494,N,AFR,Africa,8,"Africa, West and Central",51,48,LBR,4854000,10
LY,Libya,6409524,43,30,5778215,1,arb,"Arabic, Standard",6,Islam,2.180129158,0.11524637,Y,AFR,Africa,6,"Africa, North and Middle East",80,91,LBY,6471000,127
LS,Liechtenstein,37760,8,1,1011,3,deu,"German, Standard",1,Christianity,78.17451474,0.5634815789,N,EUR,Europe,10,"Europe, Western",14,100,LIE,38000,1
LH,Lithuania,2847103,21,6,8038,3,lit,Lithuanian,1,Christianity,84.68577595,1.406101468,N,EUR,Europe,9,"Europe, Eastern and Eurasia",68,99,LTU,2876000,6
LU,Luxembourg,552656,20,3,2643,3,ltz,Luxembourgish,1,Christianity,80.2933341,0.995286299,N,EUR,Europe,10,"Europe, Western",91,99,LUX,590000,3
MA,Madagascar,26175821,40,10,226028,4,plt,"Malagasy, Plateau",1,Christianity,49.73032551,6.097173282,N,AFR,Africa,7,"Africa, East and Southern",37,65,MDG,26263000,11
MI,Malawi,19089550,26,4,2080678,5,eng,English,1,Christianity,75.68402502,17.00170703,N,AFR,Africa,7,"Africa, East and Southern",17,66,MWI,19165000,43
MY,Malaysia,31967046,183,79,16465701,4,zlm,Malay,6,Islam,8.91159578,3.692264282,Y,ASI,Asia,2,"Asia, Southeast",76,93,MYS,32042000,378
MV,Maldives,437804,4,4,437804,1,div,Maldivian,6,Islam,0.0278238018,0.008878369369,Y,ASI,Asia,4,"Asia, South",40,98,MDV,444000,12
ML,Mali,19036981,74,45,17435609,1,fra,French,6,Islam,2.768599007,0.6554332598,Y,AFR,Africa,8,"Africa, West and Central",42,33,MLI,19108000,362
MT,Malta,414198,10,3,1899,3,mlt,Maltese,1,Christianity,96.56134148,1.538667282,N,EUR,Europe,10,"Europe, Western",96,94,MLT,432000,3
RM,Marshall Islands,51170,6,1,386,5,eng,English,1,Christianity,95.23203019,53.00009188,N,SOP,Oceania,1,Australia and Pacific,77,98,MHL,53000,1
MB,Martinique,372559,7,,,4,fra,French,1,Christianity,94.85734909,6.904165268,N,NAR,North America,12,"America, North and Caribbean",89,87,MTQ,385000,
MR,Mauritania,4510057,19,15,4494203,1,arb,"Arabic, Standard",6,Islam,0.2988096454,0.1251830406,Y,AFR,Africa,8,"Africa, West and Central",54,52,MRT,4540000,97
MP,Mauritius,1230009,18,7,100604,4,eng,English,5,Hinduism,32.62363644,9.778561633,N,AFR,Africa,7,"Africa, East and Southern",41,92,MUS,1268000,7
MF,Mayotte,251626,8,6,248003,1,fra,French,6,Islam,1.626516,0.09262360733,N,AFR,Africa,7,"Africa, East and Southern",47,92,MYT,260000,8
MX,Mexico,130074779,330,3,144263,5,spa,Spanish,1,Christianity,94.76926157,10.31758702,N,NAR,North America,11,"America, Latin",80,94,MEX,130759000,3
FM,"Micronesia, Federated States",103533,25,1,700,5,eng,English,1,Christianity,95.41394151,22.76391768,N,SOP,Oceania,1,Australia and Pacific,23,89,FSM,106000,1
MD,Moldova,3966724,25,7,14386,4,ron,Romanian,1,Christianity,75.59843564,4.669920731,N,EUR,Europe,9,"Europe, Eastern and Eurasia",43,99,MDA,4041000,7
MN,Monaco,37685,14,1,668,3,fra,French,1,Christianity,82.57366,1.270415212,N,EUR,Europe,10,"Europe, Western",100,99,MCO,39000,1
MG,Mongolia,3105973,29,23,3046925,1,khk,"Mongolian, Halh",2,Buddhism,2.329686611,1.722896252,Y,ASI,Asia,3,"Asia, Northeast",68,97,MNG,3122000,71
MJ,Montenegro,600371,16,3,55221,3,srp,Serbian,1,Christianity,74.25315859,0.2645776058,N,EUR,Europe,9,"Europe, Eastern and Eurasia",67,99,MNE,629000,3
MH,Montserrat,5043,2,,,5,eng,English,1,Christianity,94.94155769,27.46037185,N,NAR,North America,12,"America, North and Caribbean",9,94,MSR,5200,
MO,Morocco,36102854,31,27,36089194,1,arb,"Arabic, Standard",6,Islam,0.1886412519,0.1047263841,Y,AFR,Africa,6,"Africa, North and Middle East",63,69,MAR,36192000,723
MZ,Mozambique,30418891,61,9,1664917,5,por,Portuguese,1,Christianity,52.89645321,13.26956309,N,AFR,Africa,7,"Africa, East and Southern",36,55,MOZ,30529000,35
BM,Myanmar (Burma),53763100,148,51,44991654,4,mya,Burmese,2,Buddhism,7.954143363,4.652206862,Y,ASI,Asia,2,"Asia, Southeast",31,93,MMR,53856000,919
WA,Namibia,2558052,32,,,5,eng,English,1,Christianity,89.78671137,13.77244942,N,AFR,Africa,7,"Africa, East and Southern",50,91,NAM,2588000,
NR,Nauru,10513,7,,,5,eng,English,1,Christianity,85.66440909,12.59502041,N,SOP,Oceania,1,Australia and Pacific,100,97,NRU,11000,
NP,Nepal,29506012,275,267,28650162,1,npi,Nepali,5,Hinduism,1.188691141,,Y,ASI,Asia,4,"Asia, South",20,85,NPL,29624000,758
NL,Netherlands,16981968,101,21,886504,4,nld,Dutch,7,Non-Religious,47.20255335,4.237237019,N,EUR,Europe,10,"Europe, Western",92,98,NLD,17084000,31
NC,New Caledonia,273590,44,,,4,fra,French,1,Christianity,78.44419464,6.181769613,N,SOP,Oceania,1,Australia and Pacific,71,99,NCL,280000,
NZ,New Zealand,4696160,88,25,286244,5,eng,English,1,Christianity,52.6332528,18.56265976,N,SOP,Oceania,1,Australia and Pacific,87,99,NZL,4750000,27
NU,Nicaragua,6224910,18,,,5,spa,Spanish,1,Christianity,96.25932617,42.96632692,N,NAR,North America,11,"America, Latin",59,78,NIC,6285000,
NG,Niger,22253526,37,29,21859699,1,fra,French,6,Islam,1.503790431,0.9176342262,Y,AFR,Africa,8,"Africa, West and Central",16,19,NER,22311000,443
NI,Nigeria,194956727,541,89,61666045,5,eng,English,1,Christianity,51.33726892,26.21595629,Y,AFR,Africa,8,"Africa, West and Central",50,60,NGA,195875000,1283
NE,Niue,1543,2,,,4,eng,English,1,Christianity,95.88625,5.431698227,N,SOP,Oceania,1,Australia and Pacific,45,99,NIU,1600,
NF,Norfolk Island,1615,3,,,5,eng,English,1,Christianity,72.26823529,20.42735294,N,SOP,Oceania,1,Australia and Pacific,,,NFK,1700,
MK,North Macedonia,2076483,22,9,640313,3,mkd,Macedonian,1,Christianity,61.9947883,0.1640607151,N,EUR,Europe,9,"Europe, Eastern and Eurasia",58,97,MKD,2085000,19
CQ,Northern Mariana Islands,52707,11,1,869,5,eng,English,1,Christianity,74.96487455,16.8193031,N,SOP,Oceania,1,Australia and Pacific,92,97,MNP,55000,1
NO,Norway,5291297,53,12,221125,4,nor,Norwegian,1,Christianity,88.53937731,8.132964123,N,EUR,Europe,10,"Europe, Western",82,100,NOR,5328000,12
MU,Oman,4772276,34,26,4497870,1,arb,"Arabic, Standard",6,Islam,2.706358188,0.8019389441,Y,ASI,Asia,6,"Africa, North and Middle East",85,99,OMN,4830000,99
PK,Pakistan,199933513,422,414,198462813,1,urd,Urdu,6,Islam,0.7143114823,,Y,ASI,Asia,4,"Asia, South",37,58,PAK,200814000,4157
PS,Palau,21326,6,,,5,eng,English,1,Christianity,95.51023636,21.95596818,N,SOP,Oceania,1,Australia and Pacific,80,97,PLW,22000,
PM,Panama,4157678,30,2,12455,5,spa,Spanish,1,Christianity,88.17828837,21.58127239,N,NAR,North America,11,"America, Latin",68,94,PAN,4163000,2
PP,Papua New Guinea,8330403,884,1,1036,5,eng,English,1,Christianity,94.43858817,22.80410153,N,AUS,Australia,1,Australia and Pacific,13,72,PNG,8418000,1
PA,Paraguay,6869812,41,2,16706,4,spa,Spanish,1,Christianity,95.38709024,8.079884833,N,LAM,South America,11,"America, Latin",62,95,PRY,6897000,2
PE,Peru,32490424,104,9,170808,5,spa,Spanish,1,Christianity,94.54367667,14.40341654,N,LAM,South America,11,"America, Latin",78,94,PER,32552000,11
RP,Philippines,106356453,200,30,5275376,5,tgl,Tagalog,1,Christianity,90.9664623,13.92995014,N,ASI,Asia,2,"Asia, Southeast",47,95,PHL,106512000,120
PC,Pitcairn Islands,48,1,,,4,eng,English,1,Christianity,96,10,N,SOP,Oceania,1,Australia and Pacific,,,PCN,50,
PL,Poland,37985081,32,5,11997,3,pol,Polish,1,Christianity,89.5828861,0.3092181869,N,EUR,Europe,9,"Europe, Eastern and Eurasia",60,100,POL,38105000,5
PO,Portugal,10210981,42,6,108217,4,por,Portuguese,1,Christianity,93.34588941,3.360327469,N,EUR,Europe,10,"Europe, Western",65,96,PRT,10291000,7
RQ,Puerto Rico,3622360,13,1,1480,5,spa,Spanish,1,Christianity,94.56196391,32.6705614,N,NAR,North America,12,"America, North and Caribbean",94,99,PRI,3659000,1
QA,Qatar,2565487,24,13,2234411,2,arb,"Arabic, Standard",6,Islam,6.288424141,0.8478996409,Y,ASI,Asia,6,"Africa, North and Middle East",99,98,QAT,2695000,45
RE,Reunion,872673,19,7,56537,4,fra,French,1,Christianity,85.55198903,6.804917674,N,AFR,Africa,7,"Africa, East and Southern",95,92,REU,883000,7
RO,Romania,19521337,33,7,71599,4,ron,Romanian,1,Christianity,93.69454963,6.338280564,N,EUR,Europe,9,"Europe, Eastern and Eurasia",54,99,ROU,19581000,7
RS,Russia,142645212,180,117,15460827,3,rus,Russian,1,Christianity,57.66780493,1.463004955,N,ASI,Asia,9,"Europe, Eastern and Eurasia",74,100,RUS,143965000,377
RW,Rwanda,12382808,12,3,21495,5,kin,Kinyarwanda,1,Christianity,88.9455297,26.23642333,N,AFR,Africa,7,"Africa, East and Southern",17,66,RWA,12501000,3
SH,Saint Helena,3962,1,,,4,eng,English,1,Christianity,94.98990244,8.8,N,AFR,Africa,7,"Africa, East and Southern",40,,SHN,4100,
SC,Saint Kitts and Nevis,55431,4,,,5,eng,English,1,Christianity,92.53478571,22.00965536,N,NAR,North America,12,"America, North and Caribbean",31,98,KNA,56000,
ST,Saint Lucia,175964,5,,,5,eng,English,1,Christianity,94.88821111,18.28281441,N,NAR,North America,12,"America, North and Caribbean",19,95,LCA,180000,
SB,Saint Pierre and Miquelon,6130,2,,,3,fra,French,1,Christianity,96.49333333,0.617015873,N,NAR,North America,12,"America, North and Caribbean",90,99,SPM,6300,
WS,Samoa,194574,5,,,5,smo,Samoan,1,Christianity,96.16557374,18.56976768,N,SOP,Oceania,1,Australia and Pacific,18,99,WSM,198000,
SM,San Marino,33377,1,,,3,ita,Italian,1,Christianity,84.10994118,0.07271000833,N,EUR,Europe,10,"Europe, Western",97,96,SMR,34000,
TP,São Tomé and Príncipe,205336,6,,,4,por,Portuguese,1,Christianity,85.69235215,5.876584035,N,AFR,Africa,8,"Africa, West and Central",73,75,STP,209000,
SA,Saudi Arabia,33461416,43,28,30370469,1,arb,"Arabic, Standard",6,Islam,4.34219469,0.5642216801,Y,ASI,Asia,6,"Africa, North and Middle East",84,95,SAU,33554000,611
SG,Senegal,16228759,56,26,13191233,1,fra,French,6,Islam,4.478678659,0.174516636,Y,AFR,Africa,8,"Africa, West and Central",47,56,SEN,16294000,272
RI,Serbia,6822007,35,6,116419,3,srp,Serbian,1,Christianity,79.21373001,0.7179615868,N,EUR,Europe,9,"Europe, Eastern and Eurasia",56,98,SRB,6879000,7
SE,Seychelles,92461,5,,,4,crs,Seychelles Creole French,1,Christianity,96.17820274,6.957884849,N,AFR,Africa,7,"Africa, East and Southern",57,92,SYC,95000,
SL,Sierra Leone,7682704,30,11,1326327,4,eng,English,6,Islam,13.2699346,4.968195956,N,AFR,Africa,8,"Africa, West and Central",42,46,SLE,7720000,29
SN,Singapore,5756568,49,19,861464,4,cmn,"Chinese, Mandarin",2,Buddhism,13.25713242,7.368380995,N,ASI,Asia,2,"Asia, Southeast",100,97,SGP,5792000,28
NN,Sint Maarten,40343,9,,,4,eng,English,1,Christianity,88.61246976,7.883356098,N,NAR,North America,12,"America, North and Caribbean",100,87,SXM,41000,
LO,Slovakia,5393401,20,1,2605,3,slk,Slovak,1,Christianity,92.77868911,1.422071974,N,EUR,Europe,9,"Europe, Eastern and Eurasia",54,99,SVK,5450000,1
SI,Slovenia,2057374,16,1,88046,3,slv,Slovene,1,Christianity,54.0617932,0.2079702835,N,EUR,Europe,9,"Europe, Eastern and Eurasia",55,99,SVN,2081000,2
BP,Solomon Islands,610182,74,,,5,eng,English,1,Christianity,95.75733451,31.19796308,N,SOP,Oceania,1,Australia and Pacific,24,97,SLB,623000,
SO,Somalia,15065395,22,20,15057351,1,som,Somali,6,Islam,0.2846749809,0.00669621789,Y,AFR,Africa,7,"Africa, East and Southern",45,38,SOM,15182000,309
SF,South Africa,57295550,65,8,955837,5,eng,English,1,Christianity,77.47903322,21.13306536,N,AFR,Africa,7,"Africa, East and Southern",66,93,ZAF,57398000,21
OD,South Sudan,12795068,77,7,608223,5,eng,English,1,Christianity,57.6777876,11.30004629,N,AFR,Africa,7,"Africa, East and Southern",20,27,SSD,12919000,16
SP,Spain,46320057,106,16,1001071,3,spa,Spanish,1,Christianity,77.54804766,1.59562508,N,EUR,Europe,10,"Europe, Western",80,98,ESP,46397000,32
CE,Sri Lanka,20830196,173,78,3282966,2,sin,Sinhala,2,Buddhism,7.575338748,,Y,ASI,Asia,4,"Asia, South",19,95,LKA,20950000,123
VC,St Vincent and Grenadines,106567,8,,,5,eng,English,1,Christianity,88.78456636,41.0288571,N,NAR,North America,12,"America, North and Caribbean",52,88,VCT,110000,
SU,Sudan,41393420,162,130,23043557,2,arb,"Arabic, Standard",6,Islam,5.038454915,0.3840469516,Y,AFR,Africa,7,"Africa, East and Southern",35,72,SDN,41512000,500
NS,Suriname,534372,24,2,13452,5,nld,Dutch,1,Christianity,46.98337106,17.61615297,N,LAM,South America,11,"America, Latin",66,96,SUR,568000,2
SV,Svalbard,2642,2,,,4,nor,Norwegian,1,Christianity,90.98937037,6.679555556,N,EUR,Europe,10,"Europe, Western",,,SJM,2700,
SW,Sweden,9931082,88,21,386049,4,swe,Swedish,1,Christianity,55.68442452,5.789687189,N,EUR,Europe,10,"Europe, Western",87,99,SWE,9983000,22
SZ,Switzerland,8479411,40,8,229246,4,gsw,"German, Swiss",1,Christianity,76.49342302,3.94968334,N,EUR,Europe,10,"Europe, Western",74,100,CHE,8544000,8
SY,Syria,18197880,36,17,5779349,2,arb,"Arabic, Standard",6,Islam,5.717118273,0.1912409228,Y,ASI,Asia,6,"Africa, North and Middle East",54,86,SYR,18284000,120
TW,Taiwan,23649634,36,9,4429487,4,cmn,"Chinese, Mandarin",4,Ethnic Religions,5.960809052,3.300055463,Y,ASI,Asia,3,"Asia, Northeast",78,99,TWN,23694000,94
TI,Tajikistan,9062469,41,24,8964329,1,tgk,Tajik,6,Islam,1.003613405,0.1152425386,Y,ASI,Asia,5,"Asia, Central",27,99,TJK,9107000,194
TZ,Tanzania,58950156,156,31,5901720,5,swh,Swahili,1,Christianity,51.23432211,10.99940329,N,AFR,Africa,7,"Africa, East and Southern",34,80,TZA,59091000,126
TH,Thailand,69037965,114,79,60919717,1,tha,Thai,2,Buddhism,1.258917423,0.6308046896,Y,ASI,Asia,2,"Asia, Southeast",50,95,THA,69183000,1261
TO,Togo,7942967,56,7,320772,5,fra,French,1,Christianity,45.3062875,10.99239774,N,AFR,Africa,8,"Africa, West and Central",42,64,TGO,7991000,9
TL,Tokelau,1268,1,,,4,tkl,Tokelauan,1,Christianity,100,3.4,N,SOP,Oceania,1,Australia and Pacific,0,94,TKL,1300,
TN,Tonga,105691,5,,,5,ton,Tongan,1,Christianity,95.86528624,15.69042202,N,SOP,Oceania,1,Australia and Pacific,23,99,TON,109000,
TD,Trinidad and Tobago,1362215,15,1,652,5,eng,English,1,Christianity,66.11995947,23.43504872,N,NAR,North America,12,"America, North and Caribbean",53,99,TTO,1373000,1
TS,Tunisia,11631663,14,12,11543535,1,arb,"Arabic, Standard",6,Islam,0.4222398233,0.0294658637,Y,AFR,Africa,6,"Africa, North and Middle East",69,79,TUN,11659000,238
TU,Turkey,81863602,68,45,81090574,1,tur,Turkish,6,Islam,0.6607296865,0.04001534728,Y,ASI,Asia,5,"Asia, Central",75,96,TUR,81917000,1634
TX,Turkmenistan,5796933,38,21,5429472,1,tuk,Turkmen,6,Islam,4.441188506,0.09782165442,Y,ASI,Asia,5,"Asia, Central",52,100,TKM,5851000,121
TK,Turks and Caicos Islands,35023,4,,,5,eng,English,1,Christianity,90.67267917,31.96053611,N,NAR,North America,12,"America, North and Caribbean",93,99,TCA,36000,
TV,Tuvalu,10754,2,,,5,tvl,Tuvaluan,1,Christianity,98,22.82691657,N,SOP,Oceania,1,Australia and Pacific,62,95,TUV,11000,
UG,Uganda,44168748,67,5,1107636,5,eng,English,1,Christianity,83.54434433,33.82702391,N,AFR,Africa,7,"Africa, East and Southern",24,73,UGA,44271000,24
UP,Ukraine,43942853,78,26,455020,4,ukr,Ukrainian,1,Christianity,72.97104943,3.620709733,N,EUR,Europe,9,"Europe, Eastern and Eurasia",69,99,UKR,44009000,31
AE,United Arab Emirates,9475659,32,27,7985419,2,arb,"Arabic, Standard",6,Islam,7.850028621,1.322097114,Y,ASI,Asia,6,"Africa, North and Middle East",87,90,ARE,9542000,168
UK,United Kingdom,66468577,105,32,5037394,4,eng,English,1,Christianity,56.99770668,7.893377438,N,EUR,Europe,10,"Europe, Western",83,99,GBR,66574000,114
US,United States,325633294,489,85,10783524,5,eng,English,1,Christianity,77.31256361,26.40230096,N,NAR,North America,12,"America, North and Caribbean",82,99,USA,326767000,265
UY,Uruguay,3445088,35,1,17042,4,spa,Spanish,1,Christianity,66.75569792,7.289898536,N,LAM,South America,11,"America, Latin",95,99,URY,3470000,1
UZ,Uzbekistan,32301826,61,34,30134252,1,uzn,"Uzbek, Northern",6,Islam,4.388124311,0.2421327723,Y,ASI,Asia,5,"Asia, Central",50,99,UZB,32365000,622
NH,Vanuatu,280001,111,,,5,bis,Bislama,1,Christianity,91.07567064,41.27834113,N,SOP,Oceania,1,Australia and Pacific,25,83,VUT,282000,
VT,Vatican City,798,1,,,4,lat,Latin,1,Christianity,100,2.5,N,EUR,Europe,10,"Europe, Western",100,100,VAT,800,
VE,Venezuela,32310531,66,3,39918,5,spa,Spanish,1,Christianity,82.55867777,12.18920131,N,LAM,South America,11,"America, Latin",88,95,VEN,32381000,3
VM,Vietnam,96419034,118,67,8615056,4,vie,Vietnamese,2,Buddhism,10.14371305,2.394762776,Y,ASI,Asia,2,"Asia, Southeast",36,94,VNM,96491000,213
VQ,Virgin Islands (U.S.),103476,7,,,5,eng,English,1,Christianity,94.21980524,24.37363429,N,NAR,North America,12,"America, North and Caribbean",96,92,VIR,105000,
WF,Wallis and Futuna Islands,11715,3,,,3,fra,French,1,Christianity,98.4765,1.754928868,N,SOP,Oceania,1,Australia and Pacific,0,50,WLF,12000,
WE,West Bank / Gaza,5011960,20,8,4969516,1,ajp,"Arabic, South Levantine Spoken",6,Islam,1.247405062,0.07416038328,Y,ASI,Asia,6,"Africa, North and Middle East",76,97,PSE,5053000,104
WI,Western Sahara,561935,10,10,561935,1,ary,"Arabic, Moroccan Spoken",6,Islam,0.02777365079,0.0007692090313,Y,AFR,Africa,6,"Africa, North and Middle East",87,,ESH,567000,15
YM,Yemen,28759437,29,20,28648608,1,arb,"Arabic, Standard",6,Islam,0.2150861938,0.02780205878,Y,ASI,Asia,6,"Africa, North and Middle East",37,70,YEM,28915000,572
ZA,Zambia,17537015,73,4,93178,5,eng,English,1,Christianity,86.98175679,25.1530209,N,AFR,Africa,7,"Africa, East and Southern",44,63,ZMB,17609000,4
ZI,Zimbabwe,16845357,41,2,25842,5,eng,English,1,Christianity,76.65021395,25.22738629,N,AFR,Africa,7,"Africa, East and Southern",32,87,ZWE,16913000,2